Domain	Phylum	Class	Order	Family	Genus	Species	SGB	altNames
Bacteria	Proteobacteria	Gammaproteobacteria	Enterobacterales	Enterobacteriaceae	Escherichia	Escherichia coli	SGB10068	Escherichia coli [SGB10068]
Bacteria	Firmicutes_A	Clostridia	Oscillospirales	Ruminococcaceae	Ruthenibacterium		SGB102167	Ruthenibacterium  [SGB102167]
Bacteria	Firmicutes_A	Clostridia	Oscillospirales	Oscillospiraceae	Pelethomonas		SGB102185	Pelethomonas  [SGB102185]
Bacteria	Firmicutes_A	Clostridia	Oscillospirales	Oscillospiraceae	Lawsonibacter	Lawsonibacter sp910588455	SGB102197	Lawsonibacter sp910588455 [SGB102197]
Bacteria	Firmicutes_A	Clostridia	Oscillospirales	Oscillospiraceae	Lawsonibacter	Lawsonibacter sp910575265	SGB102199	Lawsonibacter sp910575265 [SGB102199]
Bacteria	Firmicutes_A	Clostridia	Oscillospirales	Oscillospiraceae	Lawsonibacter	Lawsonibacter sp910585815	SGB102200	Lawsonibacter sp910585815 [SGB102200]
Bacteria	Firmicutes_A	Clostridia	Peptostreptococcales	Anaerovoracaceae	Fimisoma	Fimisoma sp910588185	SGB102224	Fimisoma sp910588185 [SGB102224]
Bacteria	Firmicutes_A	Clostridia	Lachnospirales	Lachnospiraceae	Lachnoclostridium_B	Lachnoclostridium_B sp910588745	SGB102238	Lachnoclostridium_B sp910588745 [SGB102238]
Bacteria	Firmicutes_A	Clostridia	Lachnospirales	Lachnospiraceae	UBA7109		SGB102240	UBA7109  [SGB102240]
Bacteria	Firmicutes_A	Clostridia	Lachnospirales	Lachnospiraceae	Paralachnospira	Paralachnospira sp910587905	SGB102250	Paralachnospira sp910587905 [SGB102250]
Bacteria	Firmicutes_A	Clostridia	Lachnospirales	Lachnospiraceae	Acetatifactor		SGB102258	Acetatifactor  [SGB102258]
Bacteria	Firmicutes_A	Clostridia	Lachnospirales	Lachnospiraceae	Copromonas		SGB102286	Copromonas  [SGB102286]
Bacteria	Firmicutes_A	Clostridia	Lachnospirales	Lachnospiraceae	UBA3402	UBA3402 sp910588325	SGB102295	UBA3402 sp910588325 [SGB102295]
Bacteria	Firmicutes_A	Clostridia	Lachnospirales	Lachnospiraceae	W0P33-017		SGB102297	W0P33-017  [SGB102297]
Bacteria	Firmicutes_A	Clostridia	Lachnospirales	Lachnospiraceae	14-2		SGB102306	14-2  [SGB102306]
Bacteria	Firmicutes_A	Clostridia	Lachnospirales	Lachnospiraceae	Merdisoma	Merdisoma sp910574835	SGB102314	Merdisoma sp910574835 [SGB102314]
Bacteria	Firmicutes_B	Peptococcia	Peptococcales	Peptococcaceae			SGB102322	 [SGB102322]
Bacteria	Firmicutes_A	Clostridia	Christensenellales	UBA1242	Caccovivens		SGB102382	Caccovivens  [SGB102382]
Bacteria	Firmicutes_A	Clostridia	TANB77	CAG-508	Scatovivens		SGB102412	Scatovivens  [SGB102412]
Bacteria	Firmicutes_A	Clostridia	TANB77	CAG-508			SGB102418	 [SGB102418]
Bacteria	Firmicutes	Bacilli	RF39	UBA660	UBA3789	UBA3789 sp910589335	SGB102469	UBA3789 sp910589335 [SGB102469]
Bacteria	Firmicutes_A	Clostridia	Christensenellales	CAG-552	HGM11386		SGB102498	HGM11386  [SGB102498]
Bacteria	Patescibacteria	Saccharimonadia	Saccharimonadales	Nanosyncoccaceae	Nanosyncoccus		SGB102608	Nanosyncoccus  [SGB102608]
Bacteria	Patescibacteria	Saccharimonadia	Saccharimonadales	Nanosyncoccaceae	Nanosyncoccus		SGB102612	Nanosyncoccus  [SGB102612]
Bacteria	Firmicutes_A	Clostridia	Lachnospirales	Lachnospiraceae	Merdisoma	Merdisoma sp910574475	SGB109668	Merdisoma sp910574475 [SGB109668]
Bacteria	Firmicutes_A	Clostridia	Lachnospirales	Lachnospiraceae	RGIG4284	RGIG4284 sp910576205	SGB109669	RGIG4284 sp910576205 [SGB109669]
Bacteria	Firmicutes_A	Clostridia	Lachnospirales	Lachnospiraceae	Copromonas	Copromonas sp910575275	SGB109670	Copromonas sp910575275 [SGB109670]
Bacteria	Firmicutes_A	Clostridia	Peptostreptococcales	Anaerovoracaceae	BX12	BX12 sp910575405	SGB109671	BX12 sp910575405 [SGB109671]
Bacteria	Firmicutes_A	Clostridia	Lachnospirales	Lachnospiraceae	14-2	14-2 sp910575155	SGB109672	14-2 sp910575155 [SGB109672]
Bacteria	Actinobacteriota	Coriobacteriia	Coriobacteriales	Eggerthellaceae	Adlercreutzia	Adlercreutzia caecimuris	SGB14802	Adlercreutzia caecimuris [SGB14802]
Bacteria	Firmicutes_A	Clostridia	Oscillospirales	Acutalibacteraceae	UMGS856	UMGS856 sp900546265	SGB14937	UMGS856 sp900546265 [SGB14937]
Bacteria	Actinobacteriota	Actinomycetia	Mycobacteriales	Mycobacteriaceae	Corynebacterium	Corynebacterium lowii	SGB17080	Corynebacterium lowii [SGB17080]
Bacteria	Actinobacteriota	Actinomycetia	Actinomycetales	Bifidobacteriaceae	Bifidobacterium	Bifidobacterium globosum	SGB17279	Bifidobacterium globosum [SGB17279]
Bacteria	Bacteroidota	Bacteroidia	Bacteroidales	Bacteroidaceae	Phocaeicola	Phocaeicola vulgatus	SGB1814	Phocaeicola vulgatus [SGB1814]
Bacteria	Bacteroidota	Bacteroidia	Bacteroidales	Bacteroidaceae	Bacteroides	Bacteroides stercorirosoris	SGB1848	Bacteroides stercorirosoris [SGB1848]
Bacteria	Bacteroidota	Bacteroidia	Bacteroidales	Bacteroidaceae	Bacteroides	Bacteroides caecimuris	SGB1863	Bacteroides caecimuris [SGB1863]
Bacteria	Bacteroidota	Bacteroidia	Bacteroidales	Bacteroidaceae	Bacteroides	Bacteroides congonensis	SGB1878	Bacteroides congonensis [SGB1878]
Bacteria	Bacteroidota	Bacteroidia	Bacteroidales	Tannerellaceae	Parabacteroides	Parabacteroides goldsteinii	SGB1941	Parabacteroides goldsteinii [SGB1941]
Bacteria	Deferribacterota	Deferribacteres	Deferribacterales	Mucispirillaceae	Mucispirillum	Mucispirillum schaedleri	SGB19472	Mucispirillum schaedleri [SGB19472]
Bacteria	Bacteroidota	Bacteroidia	Bacteroidales	Muribaculaceae	Muribaculum	Muribaculum gordoncarteri	SGB2087	Muribaculum gordoncarteri [SGB2087]
Bacteria	Bacteroidota	Bacteroidia	Bacteroidales	Muribaculaceae	Muribaculum	Muribaculum intestinale	SGB2088	Muribaculum intestinale [SGB2088]
Bacteria	Bacteroidota	Bacteroidia	Bacteroidales	Muribaculaceae	Duncaniella	Duncaniella dubosii	SGB2089	Duncaniella dubosii [SGB2089]
Bacteria	Bacteroidota	Bacteroidia	Bacteroidales	Muribaculaceae	UBA7173	UBA7173 sp001689485	SGB21428	UBA7173 sp001689485 [SGB21428]
Bacteria	Bacteroidota	Bacteroidia	Bacteroidales	Muribaculaceae	UBA3263	UBA3263 sp001689615	SGB21431	UBA3263 sp001689615 [SGB21431]
Bacteria	Bacteroidota	Bacteroidia	Bacteroidales	Muribaculaceae	UBA7173	UBA7173 sp001689685	SGB21441	UBA7173 sp001689685 [SGB21441]
Bacteria	Bacteroidota	Bacteroidia	Bacteroidales	Muribaculaceae	Duncaniella	Duncaniella sp001689575	SGB21445	Duncaniella sp001689575 [SGB21445]
Bacteria	Bacteroidota	Bacteroidia	Bacteroidales	Muribaculaceae	Duncaniella	Duncaniella muris	SGB21446	Duncaniella muris [SGB21446]
Bacteria	Bacteroidota	Bacteroidia	Bacteroidales	Bacteroidaceae	Prevotella	Prevotella sp002933775	SGB21581	Prevotella sp002933775 [SGB21581]
Bacteria	Bacteroidota	Bacteroidia	Bacteroidales	Muribaculaceae	Paramuribaculum	Paramuribaculum intestinale	SGB21584	Paramuribaculum intestinale [SGB21584]
Bacteria	Bacteroidota	Bacteroidia	Bacteroidales	Rikenellaceae	Alistipes	Alistipes timonensis	SGB2299	Alistipes timonensis [SGB2299]
Bacteria	Bacteroidota	Bacteroidia	Bacteroidales	Muribaculaceae	CAG-485	CAG-485 sp002493045	SGB27761	CAG-485 sp002493045 [SGB27761]
Bacteria	Bacteroidota	Bacteroidia	Bacteroidales	Muribaculaceae	CAG-485	CAG-485 sp002362485	SGB27763	CAG-485 sp002362485 [SGB27763]
Bacteria	Bacteroidota	Bacteroidia	Bacteroidales	Muribaculaceae	UBA7173	UBA7173 sp004102805	SGB27766	UBA7173 sp004102805 [SGB27766]
Bacteria	Bacteroidota	Bacteroidia	Bacteroidales	Muribaculaceae	UBA7173	UBA7173 sp002491305	SGB27767	UBA7173 sp002491305 [SGB27767]
Bacteria	Bacteroidota	Bacteroidia	Bacteroidales	Muribaculaceae	Duncaniella	Duncaniella freteri	SGB27768	Duncaniella freteri [SGB27768]
Bacteria	Bacteroidota	Bacteroidia	Bacteroidales	Tannerellaceae	Parabacteroides	Parabacteroides distasonis_A	SGB27780	Parabacteroides distasonis_A [SGB27780]
Bacteria	Bacteroidota	Bacteroidia	Bacteroidales	Bacteroidaceae	Bacteroides	Bacteroides sp002491635	SGB27790	Bacteroides sp002491635 [SGB27790]
Bacteria	Bacteroidota	Bacteroidia	Bacteroidales	Bacteroidaceae	Bacteroides	Bacteroides acidifaciens	SGB27814	Bacteroides acidifaciens [SGB27814]
Bacteria	Firmicutes_A	Clostridia	Oscillospirales	Oscillospiraceae	Lawsonibacter	Lawsonibacter sp003612335	SGB29335	Lawsonibacter sp003612335 [SGB29335]
Bacteria	Firmicutes_A	Clostridia	Lachnospirales	Lachnospiraceae	Butyribacter	Butyribacter sp003611745	SGB29416	Butyribacter sp003611745 [SGB29416]
Bacteria	Firmicutes_A	Clostridia	Lachnospirales	Lachnospiraceae	Choladousia	Choladousia sp003612585	SGB29418	Choladousia sp003612585 [SGB29418]
Bacteria	Firmicutes_A	Clostridia	Oscillospirales	Ruminococcaceae	Anaerotruncus	Anaerotruncus sp003612625	SGB29420	Anaerotruncus sp003612625 [SGB29420]
Bacteria	Firmicutes_A	Clostridia	Lachnospirales	Lachnospiraceae	C-53	C-53 sp003612525	SGB29421	C-53 sp003612525 [SGB29421]
Bacteria	Firmicutes_A	Clostridia	Lachnospirales	Lachnospiraceae	Ventrimonas	Ventrimonas sp003611875	SGB29422	Ventrimonas sp003611875 [SGB29422]
Bacteria	Firmicutes_A	Clostridia	Lachnospirales	Lachnospiraceae	CAG-95	CAG-95 sp003612395	SGB29425	CAG-95 sp003612395 [SGB29425]
Bacteria	Firmicutes_A	Clostridia	Lachnospirales	Lachnospiraceae	UBA3282	UBA3282 sp003611805	SGB29426	UBA3282 sp003611805 [SGB29426]
Bacteria	Firmicutes_A	Clostridia	Lachnospirales	Lachnospiraceae	1XD42-69	1XD42-69 sp003612565	SGB29427	1XD42-69 sp003612565 [SGB29427]
Bacteria	Firmicutes_A	Clostridia	Lachnospirales	Lachnospiraceae	1XD8-76	1XD8-76 sp003611955	SGB29429	1XD8-76 sp003611955 [SGB29429]
Bacteria	Firmicutes_A	Clostridia	Lachnospirales	Lachnospiraceae	Acetatifactor	Acetatifactor sp003612485	SGB29430	Acetatifactor sp003612485 [SGB29430]
Bacteria	Actinobacteriota	Coriobacteriia	Coriobacteriales	Eggerthellaceae	Adlercreutzia	Adlercreutzia muris	SGB33553	Adlercreutzia muris [SGB33553]
Bacteria	Actinobacteriota	Coriobacteriia	Coriobacteriales	Eggerthellaceae	Adlercreutzia	Adlercreutzia mucosicola	SGB33554	Adlercreutzia mucosicola [SGB33554]
Bacteria	Actinobacteriota	Coriobacteriia	Coriobacteriales	Eggerthellaceae	Parvibacter	Parvibacter caecicola	SGB33555	Parvibacter caecicola [SGB33555]
Bacteria	Actinobacteriota	Coriobacteriia	Coriobacteriales	Atopobiaceae	NM07-P-09	NM07-P-09 sp004793665	SGB33580	NM07-P-09 sp004793665 [SGB33580]
Bacteria	Bacteroidota	Bacteroidia	Bacteroidales	UBA932	Cryptobacteroides	Cryptobacteroides sp910585445	SGB35575	Cryptobacteroides sp910585445 [SGB35575]
Bacteria	Bacteroidota	Bacteroidia	Bacteroidales	Rikenellaceae	Alistipes	Alistipes sp002428825	SGB35895	Alistipes sp002428825 [SGB35895]
Bacteria	Bacteroidota	Bacteroidia	Bacteroidales	Muribaculaceae	Muribaculum	Muribaculum sp002473395	SGB35903	Muribaculum sp002473395 [SGB35903]
Bacteria	Bacteroidota	Bacteroidia	Bacteroidales	Muribaculaceae	CAG-873	CAG-873 sp002490635	SGB35935	CAG-873 sp002490635 [SGB35935]
Bacteria	Bacteroidota	Bacteroidia	Bacteroidales	Muribaculaceae	CAG-485	CAG-485 sp002361155	SGB35950	CAG-485 sp002361155 [SGB35950]
Bacteria	Bacteroidota	Bacteroidia	Bacteroidales	Muribaculaceae	CAG-485	CAG-485 sp002491945	SGB35952	CAG-485 sp002491945 [SGB35952]
Bacteria	Bacteroidota	Bacteroidia	Bacteroidales	Muribaculaceae	CAG-485	CAG-485 sp002361215	SGB35953	CAG-485 sp002361215 [SGB35953]
Bacteria	Firmicutes_A	Clostridia	Lachnospirales	Lachnospiraceae	UBA3402	UBA3402 sp002358555	SGB36974	UBA3402 sp002358555 [SGB36974]
Bacteria	Patescibacteria	Saccharimonadia	Saccharimonadales	Nanosyncoccaceae	Nanosyncoccus	Nanosyncoccus sp003979185	SGB39776	Nanosyncoccus sp003979185 [SGB39776]
Bacteria	Patescibacteria	Saccharimonadia	Saccharimonadales	Nanosyncoccaceae	Nanosyncoccus		SGB39778	Nanosyncoccus  [SGB39778]
Bacteria	Bacteroidota	Bacteroidia	Bacteroidales	UBA932	Cryptobacteroides	Cryptobacteroides sp009774765	SGB40070	Cryptobacteroides sp009774765 [SGB40070]
Bacteria	Bacteroidota	Bacteroidia	Bacteroidales	Rikenellaceae	Avirikenella	Avirikenella sp910588925	SGB40184	Avirikenella sp910588925 [SGB40184]
Bacteria	Bacteroidota	Bacteroidia	Bacteroidales	Rikenellaceae	Alistipes	Alistipes sp910587675	SGB40190	Alistipes sp910587675 [SGB40190]
Bacteria	Bacteroidota	Bacteroidia	Bacteroidales	Rikenellaceae	Alistipes	Alistipes sp003979135	SGB40192	Alistipes sp003979135 [SGB40192]
Bacteria	Bacteroidota	Bacteroidia	Bacteroidales	Muribaculaceae	CAG-485	CAG-485 sp009775365	SGB40283	CAG-485 sp009775365 [SGB40283]
Bacteria	Bacteroidota	Bacteroidia	Bacteroidales	Muribaculaceae	CAG-485	CAG-485 sp009775355	SGB40294	CAG-485 sp009775355 [SGB40294]
Bacteria	Bacteroidota	Bacteroidia	Bacteroidales	Muribaculaceae	CAG-485	CAG-485 sp003979075	SGB40295	CAG-485 sp003979075 [SGB40295]
Bacteria	Bacteroidota	Bacteroidia	Bacteroidales	Muribaculaceae	UBA7173	UBA7173 sp910578395	SGB40300	UBA7173 sp910578395 [SGB40300]
Bacteria	Bacteroidota	Bacteroidia	Bacteroidales	Muribaculaceae	UBA7173	UBA7173 sp013316675	SGB40306	UBA7173 sp013316675 [SGB40306]
Bacteria	Bacteroidota	Bacteroidia	Bacteroidales	Muribaculaceae	UBA7173	UBA7173 sp013316535	SGB40307	UBA7173 sp013316535 [SGB40307]
Bacteria	Bacteroidota	Bacteroidia	Bacteroidales	Muribaculaceae	CAG-873	CAG-873 sp009775265	SGB40310	CAG-873 sp009775265 [SGB40310]
Bacteria	Bacteroidota	Bacteroidia	Bacteroidales	Muribaculaceae	CAG-873	CAG-873 sp910587235	SGB40319	CAG-873 sp910587235 [SGB40319]
Bacteria	Bacteroidota	Bacteroidia	Bacteroidales	Muribaculaceae	CAG-873	CAG-873 sp011959565	SGB40323	CAG-873 sp011959565 [SGB40323]
Bacteria	Bacteroidota	Bacteroidia	Bacteroidales	Muribaculaceae	CAG-873	CAG-873 sp003979155	SGB40326	CAG-873 sp003979155 [SGB40326]
Bacteria	Bacteroidota	Bacteroidia	Bacteroidales	Muribaculaceae	CAG-873	CAG-873 sp910578365	SGB40327	CAG-873 sp910578365 [SGB40327]
Bacteria	Bacteroidota	Bacteroidia	Bacteroidales	Muribaculaceae	CAG-873	CAG-873 sp910587545	SGB40352	CAG-873 sp910587545 [SGB40352]
Bacteria	Bacteroidota	Bacteroidia	Bacteroidales	Muribaculaceae	CAG-873	CAG-873 sp009775535	SGB40368	CAG-873 sp009775535 [SGB40368]
Bacteria	Firmicutes	Bacilli	Erysipelotrichales	Erysipelotrichaceae	Faecalibaculum	Faecalibaculum rodentium	SGB4047	Faecalibaculum rodentium [SGB4047]
Bacteria	Bacteroidota	Bacteroidia	Bacteroidales	Marinifilaceae	Odoribacter	Odoribacter sp910589025	SGB40791	Odoribacter sp910589025 [SGB40791]
Bacteria	Bacteroidota	Bacteroidia	Bacteroidales	Marinifilaceae	Odoribacter	Odoribacter sp910578105	SGB40793	Odoribacter sp910578105 [SGB40793]
Bacteria	Desulfobacterota_I	Desulfovibrionia	Desulfovibrionales	Desulfovibrionaceae	Desulfovibrio	Desulfovibrio sp009773975	SGB40880	Desulfovibrio sp009773975 [SGB40880]
Bacteria	Desulfobacterota_I	Desulfovibrionia	Desulfovibrionales	Desulfovibrionaceae	Bilophila	Bilophila sp910585945	SGB40889	Bilophila sp910585945 [SGB40889]
Bacteria	Firmicutes_A	Clostridia	Lachnospirales	Lachnospiraceae	Schaedlerella	Schaedlerella sp910574865	SGB40904	Schaedlerella sp910574865 [SGB40904]
Bacteria	Firmicutes_A	Clostridia	Christensenellales	UBA3700	MGBC100798	MGBC100798 sp910584975	SGB40934	MGBC100798 sp910584975 [SGB40934]
Bacteria	Firmicutes_A	Clostridia	Christensenellales	UBA3700	MGBC100798	MGBC100798 sp910588545	SGB40935	MGBC100798 sp910588545 [SGB40935]
Bacteria	Firmicutes_A	Clostridia	Christensenellales	UBA3700	MGBC120929	MGBC120929 sp910583735	SGB40960	MGBC120929 sp910583735 [SGB40960]
Bacteria	Firmicutes_A	Clostridia	Christensenellales	UBA3700	RACS-045	RACS-045 sp910584635	SGB40961	RACS-045 sp910584635 [SGB40961]
Bacteria	Firmicutes_A	Clostridia	Christensenellales	UBA3700	RACS-045	RACS-045 sp910579785	SGB40962	RACS-045 sp910579785 [SGB40962]
Bacteria	Firmicutes_A	Clostridia	Christensenellales	UBA3700	RACS-045	RACS-045 sp910578245	SGB40963	RACS-045 sp910578245 [SGB40963]
Bacteria	Firmicutes_A	Clostridia	Christensenellales	UBA3700	RACS-045	RACS-045 sp013316135	SGB40964	RACS-045 sp013316135 [SGB40964]
Bacteria	Firmicutes_A	Clostridia	Christensenellales	CAG-314	Fimimonas	Fimimonas sp910586905	SGB40967	Fimimonas sp910586905 [SGB40967]
Bacteria	Firmicutes_A	Clostridia	Christensenellales	Borkfalkiaceae	Gallimonas	Gallimonas sp910585595	SGB40979	Gallimonas sp910585595 [SGB40979]
Bacteria	Firmicutes_A	Clostridia	Christensenellales	Borkfalkiaceae	Coproplasma	Coproplasma sp910587825	SGB40984	Coproplasma sp910587825 [SGB40984]
Bacteria	Firmicutes_A	Clostridia	Christensenellales	Borkfalkiaceae	Coproplasma	Coproplasma sp910578195	SGB40993	Coproplasma sp910578195 [SGB40993]
Bacteria	Firmicutes_A	Clostridia	Christensenellales	Borkfalkiaceae	Coproplasma	Coproplasma sp910578765	SGB40997	Coproplasma sp910578765 [SGB40997]
Bacteria	Firmicutes_A	Clostridia	Christensenellales	Borkfalkiaceae	Coproplasma	Coproplasma sp910585785	SGB40999	Coproplasma sp910585785 [SGB40999]
Bacteria	Firmicutes_A	Clostridia	Christensenellales	Borkfalkiaceae	Coproplasma	Coproplasma sp013316055	SGB41001	Coproplasma sp013316055 [SGB41001]
Bacteria	Firmicutes_A	Clostridia	Christensenellales	Borkfalkiaceae	Coproplasma	Coproplasma sp910586035	SGB41002	Coproplasma sp910586035 [SGB41002]
Bacteria	Firmicutes_A	Clostridia	Christensenellales	Borkfalkiaceae	Coproplasma	Coproplasma sp910577555	SGB41005	Coproplasma sp910577555 [SGB41005]
Bacteria	Firmicutes_A	Clostridia	Christensenellales	CAG-552	MGBC100320	MGBC100320 sp910587805	SGB41011	MGBC100320 sp910587805 [SGB41011]
Bacteria	Firmicutes_A	Clostridia	Christensenellales	CAG-552	MGBC100320	MGBC100320 sp910577995	SGB41013	MGBC100320 sp910577995 [SGB41013]
Bacteria	Firmicutes_A	Clostridia	Christensenellales	CAG-552	MGBC100320	MGBC100320 sp910577945	SGB41014	MGBC100320 sp910577945 [SGB41014]
Bacteria	Firmicutes_A	Clostridia	Christensenellales	CAG-552	MGBC100320	MGBC100320 sp910588305	SGB41016	MGBC100320 sp910588305 [SGB41016]
Bacteria	Firmicutes_A	Clostridia	Christensenellales	CAG-552	MGBC113161	MGBC113161 sp910579245	SGB41020	MGBC113161 sp910579245 [SGB41020]
Bacteria	Firmicutes_A	Clostridia	Christensenellales	CAG-552	MGBC113161	MGBC113161 sp910587565	SGB41021	MGBC113161 sp910587565 [SGB41021]
Bacteria	Firmicutes_A	Clostridia	Christensenellales	CAG-552	MGBC157735	MGBC157735 sp910588155	SGB41022	MGBC157735 sp910588155 [SGB41022]
Bacteria	Firmicutes_A	Clostridia	Christensenellales	CAG-917	CAG-475	CAG-475 sp910577815	SGB41039	CAG-475 sp910577815 [SGB41039]
Bacteria	Firmicutes_A	Clostridia	Lachnospirales	Anaerotignaceae	Anaerotignum	Anaerotignum sp910576545	SGB41239	Anaerotignum sp910576545 [SGB41239]
Bacteria	Firmicutes_A	Clostridia	Lachnospirales	Lachnospiraceae	Butyribacter	Butyribacter sp910575435	SGB41251	Butyribacter sp910575435 [SGB41251]
Bacteria	Firmicutes_A	Clostridia	Lachnospirales	Lachnospiraceae	MGBC165282	MGBC165282 sp910589265	SGB41253	MGBC165282 sp910589265 [SGB41253]
Bacteria	Firmicutes_A	Clostridia	Lachnospirales	Lachnospiraceae	Eubacterium_G	Eubacterium_G sp910574895	SGB41268	Eubacterium_G sp910574895 [SGB41268]
Bacteria	Firmicutes_A	Clostridia	Lachnospirales	Lachnospiraceae	Schaedlerella	Schaedlerella sp009911175	SGB41401	Schaedlerella sp009911175 [SGB41401]
Bacteria	Firmicutes_A	Clostridia	Lachnospirales	Lachnospiraceae	Schaedlerella	Schaedlerella sp910575475	SGB41402	Schaedlerella sp910575475 [SGB41402]
Bacteria	Firmicutes_A	Clostridia	Lachnospirales	Lachnospiraceae	Lachnoclostridium_B	Lachnoclostridium_B sp910589275	SGB41408	Lachnoclostridium_B sp910589275 [SGB41408]
Bacteria	Firmicutes_A	Clostridia	Lachnospirales	Lachnospiraceae	Sporofaciens	Sporofaciens musculi	SGB41410	Sporofaciens musculi [SGB41410]
Bacteria	Firmicutes_A	Clostridia	Lachnospirales	Lachnospiraceae	Sporofaciens	Sporofaciens sp910574885	SGB41411	Sporofaciens sp910574885 [SGB41411]
Bacteria	Firmicutes_A	Clostridia	Lachnospirales	Lachnospiraceae	Sporofaciens	Sporofaciens sp011960625	SGB41412	Sporofaciens sp011960625 [SGB41412]
Bacteria	Firmicutes_A	Clostridia	Lachnospirales	Lachnospiraceae	Sporofaciens	Sporofaciens sp910577685	SGB41413	Sporofaciens sp910577685 [SGB41413]
Bacteria	Firmicutes_A	Clostridia	Lachnospirales	Lachnospiraceae	Sporofaciens	Sporofaciens sp910585725	SGB41414	Sporofaciens sp910585725 [SGB41414]
Bacteria	Firmicutes_A	Clostridia	Lachnospirales	Lachnospiraceae	Sporofaciens	Sporofaciens sp009774295	SGB41415	Sporofaciens sp009774295 [SGB41415]
Bacteria	Firmicutes_A	Clostridia	Lachnospirales	Lachnospiraceae	Sporofaciens	Sporofaciens sp910574715	SGB41417	Sporofaciens sp910574715 [SGB41417]
Bacteria	Firmicutes_A	Clostridia	Lachnospirales	Lachnospiraceae	Sporofaciens		SGB41418	Sporofaciens  [SGB41418]
Bacteria	Firmicutes_A	Clostridia	Lachnospirales	Lachnospiraceae	Sporofaciens	Sporofaciens sp910579015	SGB41420	Sporofaciens sp910579015 [SGB41420]
Bacteria	Firmicutes_A	Clostridia	Lachnospirales	Lachnospiraceae	UBA7109	UBA7109 sp910576335	SGB41421	UBA7109 sp910576335 [SGB41421]
Bacteria	Firmicutes_A	Clostridia	Lachnospirales	Lachnospiraceae	MD308	MD308 sp910578455	SGB41424	MD308 sp910578455 [SGB41424]
Bacteria	Firmicutes_A	Clostridia	Lachnospirales	Lachnospiraceae	MD308	MD308 sp910575105	SGB41425	MD308 sp910575105 [SGB41425]
Bacteria	Firmicutes_A	Clostridia	Lachnospirales	Lachnospiraceae	MD308	MD308 sp010206225	SGB41427	MD308 sp010206225 [SGB41427]
Bacteria	Firmicutes_A	Clostridia	Lachnospirales	Lachnospiraceae	MGBC131033	MGBC131033 sp910585655	SGB41429	MGBC131033 sp910585655 [SGB41429]
Bacteria	Firmicutes_A	Clostridia	Lachnospirales	Lachnospiraceae	MGBC164599	MGBC164599 sp910588825	SGB41431	MGBC164599 sp910588825 [SGB41431]
Bacteria	Firmicutes_A	Clostridia	Lachnospirales	Lachnospiraceae	Eubacterium_J	Eubacterium_J sp910586445	SGB41435	Eubacterium_J sp910586445 [SGB41435]
Bacteria	Firmicutes_A	Clostridia	Lachnospirales	Lachnospiraceae	Eubacterium_J	Eubacterium_J sp910586045	SGB41436	Eubacterium_J sp910586045 [SGB41436]
Bacteria	Firmicutes_A	Clostridia	Lachnospirales	Lachnospiraceae	Eubacterium_J	Eubacterium_J sp910579075	SGB41437	Eubacterium_J sp910579075 [SGB41437]
Bacteria	Firmicutes_A	Clostridia	Lachnospirales	Lachnospiraceae	Eubacterium_J	Eubacterium_J sp910584345	SGB41440	Eubacterium_J sp910584345 [SGB41440]
Bacteria	Firmicutes_A	Clostridia	Lachnospirales	Lachnospiraceae	Eubacterium_J	Eubacterium_J sp009774535	SGB41443	Eubacterium_J sp009774535 [SGB41443]
Bacteria	Firmicutes_A	Clostridia	Lachnospirales	Lachnospiraceae	Eubacterium_J	Eubacterium_J sp910574915	SGB41444	Eubacterium_J sp910574915 [SGB41444]
Bacteria	Firmicutes_A	Clostridia	Lachnospirales	Lachnospiraceae	14-2	14-2 sp910577785	SGB41446	14-2 sp910577785 [SGB41446]
Bacteria	Firmicutes_A	Clostridia	Lachnospirales	Lachnospiraceae	14-2	14-2 sp009774455	SGB41451	14-2 sp009774455 [SGB41451]
Bacteria	Firmicutes_A	Clostridia	Lachnospirales	Lachnospiraceae	14-2	14-2 sp910585625	SGB41455	14-2 sp910585625 [SGB41455]
Bacteria	Firmicutes_A	Clostridia	Lachnospirales	Lachnospiraceae	14-2	14-2 sp910588845	SGB41457	14-2 sp910588845 [SGB41457]
Bacteria	Firmicutes_A	Clostridia	Lachnospirales	Lachnospiraceae	14-2	14-2 sp910578825	SGB41459	14-2 sp910578825 [SGB41459]
Bacteria	Firmicutes_A	Clostridia	Lachnospirales	Lachnospiraceae	14-2	14-2 sp910575005	SGB41462	14-2 sp910575005 [SGB41462]
Bacteria	Firmicutes_A	Clostridia	Lachnospirales	Lachnospiraceae	14-2	14-2 sp910588285	SGB41465	14-2 sp910588285 [SGB41465]
Bacteria	Firmicutes_A	Clostridia	Lachnospirales	Lachnospiraceae	1XD42-69	1XD42-69 sp910586355	SGB41472	1XD42-69 sp910586355 [SGB41472]
Bacteria	Firmicutes_A	Clostridia	Lachnospirales	Lachnospiraceae	1XD42-69	1XD42-69 sp910589105	SGB41473	1XD42-69 sp910589105 [SGB41473]
Bacteria	Firmicutes_A	Clostridia	Lachnospirales	Lachnospiraceae	1XD42-69	1XD42-69 sp910577065	SGB41474	1XD42-69 sp910577065 [SGB41474]
Bacteria	Firmicutes_A	Clostridia	Lachnospirales	Lachnospiraceae	1XD42-69	1XD42-69 sp009911505	SGB41475	1XD42-69 sp009911505 [SGB41475]
Bacteria	Firmicutes_A	Clostridia	Lachnospirales	Lachnospiraceae	1XD42-69	1XD42-69 sp910586725	SGB41477	1XD42-69 sp910586725 [SGB41477]
Bacteria	Firmicutes_A	Clostridia	Lachnospirales	Lachnospiraceae	1XD42-69	1XD42-69 sp910585825	SGB41478	1XD42-69 sp910585825 [SGB41478]
Bacteria	Firmicutes_A	Clostridia	Lachnospirales	Lachnospiraceae	1XD42-69	1XD42-69 sp910586645	SGB41479	1XD42-69 sp910586645 [SGB41479]
Bacteria	Firmicutes_A	Clostridia	Lachnospirales	Lachnospiraceae	1XD42-69	1XD42-69 sp011959925	SGB41480	1XD42-69 sp011959925 [SGB41480]
Bacteria	Firmicutes_A	Clostridia	Peptostreptococcales	Anaerovoracaceae	Emergencia	Emergencia sp009936045	SGB41482	Emergencia sp009936045 [SGB41482]
Bacteria	Firmicutes_A	Clostridia	Lachnospirales	Lachnospiraceae	COE1	COE1 sp009774395	SGB41484	COE1 sp009774395 [SGB41484]
Bacteria	Firmicutes_A	Clostridia	Lachnospirales	Lachnospiraceae	MGBC136627	MGBC136627 sp910585935	SGB41485	MGBC136627 sp910585935 [SGB41485]
Bacteria	Firmicutes_A	Clostridia	Lachnospirales	Lachnospiraceae	COE1	COE1 sp910586585	SGB41486	COE1 sp910586585 [SGB41486]
Bacteria	Firmicutes_A	Clostridia	Lachnospirales	Lachnospiraceae	COE1	COE1 sp910577115	SGB41487	COE1 sp910577115 [SGB41487]
Bacteria	Firmicutes_A	Clostridia	Lachnospirales	Lachnospiraceae	COE1	COE1 sp910578795	SGB41489	COE1 sp910578795 [SGB41489]
Bacteria	Firmicutes_A	Clostridia	Lachnospirales	Lachnospiraceae	COE1	COE1 sp003513705	SGB41492	COE1 sp003513705 [SGB41492]
Bacteria	Firmicutes_A	Clostridia	Lachnospirales	Lachnospiraceae	COE1	COE1 sp009774245	SGB41494	COE1 sp009774245 [SGB41494]
Bacteria	Firmicutes_A	Clostridia	Lachnospirales	Lachnospiraceae	COE1	COE1 sp009774375	SGB41495	COE1 sp009774375 [SGB41495]
Bacteria	Firmicutes_A	Clostridia	Lachnospirales	Lachnospiraceae	COE1	COE1 sp910585765	SGB41496	COE1 sp910585765 [SGB41496]
Bacteria	Firmicutes_A	Clostridia	Lachnospirales	Lachnospiraceae	COE1	COE1 sp910588595	SGB41497	COE1 sp910588595 [SGB41497]
Bacteria	Firmicutes_A	Clostridia	Lachnospirales	Lachnospiraceae	COE1	COE1 sp009774345	SGB41498	COE1 sp009774345 [SGB41498]
Bacteria	Firmicutes_A	Clostridia	Lachnospirales	Lachnospiraceae	COE1	COE1 sp910586405	SGB41500	COE1 sp910586405 [SGB41500]
Bacteria	Firmicutes_A	Clostridia	Lachnospirales	Lachnospiraceae	W0P33-017	W0P33-017 sp910589045	SGB41503	W0P33-017 sp910589045 [SGB41503]
Bacteria	Firmicutes_A	Clostridia	Lachnospirales	Lachnospiraceae	Merdisoma	Merdisoma sp910587955	SGB41505	Merdisoma sp910587955 [SGB41505]
Bacteria	Firmicutes_A	Clostridia	Lachnospirales	Lachnospiraceae	Merdisoma		SGB41507	Merdisoma  [SGB41507]
Bacteria	Firmicutes_A	Clostridia	Lachnospirales	Lachnospiraceae	Merdisoma	Merdisoma sp910574255	SGB41508	Merdisoma sp910574255 [SGB41508]
Bacteria	Firmicutes_A	Clostridia	Lachnospirales	Lachnospiraceae	Merdisoma	Merdisoma sp011959465	SGB41510	Merdisoma sp011959465 [SGB41510]
Bacteria	Firmicutes_A	Clostridia	Lachnospirales	Lachnospiraceae	Merdisoma	Merdisoma sp910576325	SGB41511	Merdisoma sp910576325 [SGB41511]
Bacteria	Firmicutes_A	Clostridia	Lachnospirales	Lachnospiraceae	Choladocola	Choladocola sp910585995	SGB41512	Choladocola sp910585995 [SGB41512]
Bacteria	Firmicutes_A	Clostridia	Lachnospirales	Lachnospiraceae	Choladocola	Choladocola sp910575445	SGB41513	Choladocola sp910575445 [SGB41513]
Bacteria	Firmicutes_A	Clostridia	Lachnospirales	Lachnospiraceae	Choladocola	Choladocola sp910587495	SGB41514	Choladocola sp910587495 [SGB41514]
Bacteria	Firmicutes_A	Clostridia	Lachnospirales	Lachnospiraceae	Choladocola	Choladocola sp910574965	SGB41516	Choladocola sp910574965 [SGB41516]
Bacteria	Firmicutes_A	Clostridia	Lachnospirales	Lachnospiraceae	Choladocola	Choladocola sp009774145	SGB41518	Choladocola sp009774145 [SGB41518]
Bacteria	Firmicutes_A	Clostridia	Lachnospirales	Lachnospiraceae	Choladocola	Choladocola sp009774135	SGB41519	Choladocola sp009774135 [SGB41519]
Bacteria	Firmicutes_A	Clostridia	Lachnospirales	Lachnospiraceae	Choladocola	Choladocola sp910584205	SGB41521	Choladocola sp910584205 [SGB41521]
Bacteria	Firmicutes_A	Clostridia	Lachnospirales	Lachnospiraceae	Choladocola	Choladocola sp910583615	SGB41522	Choladocola sp910583615 [SGB41522]
Bacteria	Firmicutes_A	Clostridia	Lachnospirales	Lachnospiraceae	Choladocola	Choladocola sp910584945	SGB41523	Choladocola sp910584945 [SGB41523]
Bacteria	Firmicutes_A	Clostridia	Lachnospirales	Lachnospiraceae	Choladocola	Choladocola sp910579225	SGB41524	Choladocola sp910579225 [SGB41524]
Bacteria	Firmicutes_A	Clostridia	Lachnospirales	Lachnospiraceae	Acetatifactor	Acetatifactor sp910586215	SGB41531	Acetatifactor sp910586215 [SGB41531]
Bacteria	Firmicutes_A	Clostridia	Lachnospirales	Lachnospiraceae	Acetatifactor	Acetatifactor sp910577185	SGB41533	Acetatifactor sp910577185 [SGB41533]
Bacteria	Firmicutes_A	Clostridia	Lachnospirales	Lachnospiraceae	Acetatifactor	Acetatifactor sp910584865	SGB41535	Acetatifactor sp910584865 [SGB41535]
Bacteria	Firmicutes_A	Clostridia	Lachnospirales	Lachnospiraceae	Acetatifactor	Acetatifactor sp910585805	SGB41537	Acetatifactor sp910585805 [SGB41537]
Bacteria	Firmicutes_A	Clostridia	Lachnospirales	Lachnospiraceae	Acetatifactor	Acetatifactor sp910587555	SGB41538	Acetatifactor sp910587555 [SGB41538]
Bacteria	Firmicutes_A	Clostridia	Lachnospirales	Lachnospiraceae	Acetatifactor	Acetatifactor sp910589035	SGB41542	Acetatifactor sp910589035 [SGB41542]
Bacteria	Firmicutes_A	Clostridia	Lachnospirales	Lachnospiraceae	Acetatifactor	Acetatifactor sp910584235	SGB41543	Acetatifactor sp910584235 [SGB41543]
Bacteria	Firmicutes_A	Clostridia	Lachnospirales	Lachnospiraceae	Acetatifactor	Acetatifactor sp910585615	SGB41545	Acetatifactor sp910585615 [SGB41545]
Bacteria	Firmicutes_A	Clostridia	Lachnospirales	Lachnospiraceae	Acetatifactor	Acetatifactor sp910585425	SGB41546	Acetatifactor sp910585425 [SGB41546]
Bacteria	Firmicutes_A	Clostridia	Lachnospirales	Lachnospiraceae	Acetatifactor	Acetatifactor sp910576125	SGB41548	Acetatifactor sp910576125 [SGB41548]
Bacteria	Firmicutes_A	Clostridia	Lachnospirales	Lachnospiraceae	Acetatifactor	Acetatifactor sp910585665	SGB41549	Acetatifactor sp910585665 [SGB41549]
Bacteria	Firmicutes_A	Clostridia	Lachnospirales	Lachnospiraceae	Acetatifactor	Acetatifactor sp910585015	SGB41553	Acetatifactor sp910585015 [SGB41553]
Bacteria	Firmicutes_A	Clostridia	Lachnospirales	Lachnospiraceae	Acetatifactor	Acetatifactor sp910589655	SGB41555	Acetatifactor sp910589655 [SGB41555]
Bacteria	Firmicutes_A	Clostridia	Lachnospirales	Lachnospiraceae	Acetatifactor	Acetatifactor sp910579755	SGB41559	Acetatifactor sp910579755 [SGB41559]
Bacteria	Firmicutes_A	Clostridia	Lachnospirales	Lachnospiraceae	UBA7050	UBA7050 sp003979345	SGB41560	UBA7050 sp003979345 [SGB41560]
Bacteria	Firmicutes_A	Clostridia	Lachnospirales	Lachnospiraceae	VSOB01	VSOB01 sp910587635	SGB41561	VSOB01 sp910587635 [SGB41561]
Bacteria	Firmicutes_A	Clostridia	Lachnospirales	Lachnospiraceae	VSOB01	VSOB01 sp910589075	SGB41564	VSOB01 sp910589075 [SGB41564]
Bacteria	Firmicutes_A	Clostridia	Lachnospirales	Lachnospiraceae	VSOB01	VSOB01 sp910587155	SGB41565	VSOB01 sp910587155 [SGB41565]
Bacteria	Firmicutes_A	Clostridia	Lachnospirales	Lachnospiraceae	VSOB01	VSOB01 sp009774625	SGB41566	VSOB01 sp009774625 [SGB41566]
Bacteria	Firmicutes_A	Clostridia	Lachnospirales	Lachnospiraceae	1XD8-76	1XD8-76 sp910573755	SGB41569	1XD8-76 sp910573755 [SGB41569]
Bacteria	Firmicutes_A	Clostridia	Lachnospirales	Lachnospiraceae	1XD8-76		SGB41570	1XD8-76  [SGB41570]
Bacteria	Firmicutes_A	Clostridia	Lachnospirales	Lachnospiraceae	UBA3282	UBA3282 sp910579395	SGB41574	UBA3282 sp910579395 [SGB41574]
Bacteria	Firmicutes_A	Clostridia	Lachnospirales	Lachnospiraceae	UBA3282	UBA3282 sp910577735	SGB41580	UBA3282 sp910577735 [SGB41580]
Bacteria	Firmicutes_A	Clostridia	Lachnospirales	Lachnospiraceae	UBA3282	UBA3282 sp910575775	SGB41586	UBA3282 sp910575775 [SGB41586]
Bacteria	Firmicutes_A	Clostridia	Lachnospirales	Lachnospiraceae	UBA3282	UBA3282 sp009774215	SGB41589	UBA3282 sp009774215 [SGB41589]
Bacteria	Firmicutes_A	Clostridia	Lachnospirales	Lachnospiraceae	UBA3282	UBA3282 sp009774175	SGB41592	UBA3282 sp009774175 [SGB41592]
Bacteria	Firmicutes_A	Clostridia	Lachnospirales	Lachnospiraceae	UBA3282	UBA3282 sp910575245	SGB41594	UBA3282 sp910575245 [SGB41594]
Bacteria	Firmicutes_A	Clostridia	Lachnospirales	Lachnospiraceae	UBA3282	UBA3282 sp910588215	SGB41595	UBA3282 sp910588215 [SGB41595]
Bacteria	Firmicutes_A	Clostridia	Lachnospirales	Lachnospiraceae	UBA3282	UBA3282 sp910578115	SGB41596	UBA3282 sp910578115 [SGB41596]
Bacteria	Firmicutes_A	Clostridia	Lachnospirales	Lachnospiraceae	UBA3282	UBA3282 sp009774655	SGB41597	UBA3282 sp009774655 [SGB41597]
Bacteria	Firmicutes_A	Clostridia	Lachnospirales	Lachnospiraceae	UBA3282	UBA3282 sp009774575	SGB41598	UBA3282 sp009774575 [SGB41598]
Bacteria	Firmicutes_A	Clostridia	Lachnospirales	Lachnospiraceae	Kineothrix	Kineothrix sp910579935	SGB41604	Kineothrix sp910579935 [SGB41604]
Bacteria	Firmicutes_A	Clostridia	Lachnospirales	Lachnospiraceae	Kineothrix	Kineothrix sp910586275	SGB41607	Kineothrix sp910586275 [SGB41607]
Bacteria	Firmicutes_A	Clostridia	Lachnospirales	Lachnospiraceae	Kineothrix	Kineothrix sp011958945	SGB41609	Kineothrix sp011958945 [SGB41609]
Bacteria	Firmicutes_A	Clostridia	Lachnospirales	Lachnospiraceae	Kineothrix	Kineothrix sp009911195	SGB41611	Kineothrix sp009911195 [SGB41611]
Bacteria	Firmicutes_A	Clostridia	Lachnospirales	Lachnospiraceae	Kineothrix	Kineothrix sp910588855	SGB41612	Kineothrix sp910588855 [SGB41612]
Bacteria	Firmicutes_A	Clostridia	Lachnospirales	Lachnospiraceae	CAG-95	CAG-95 sp011959285	SGB41615	CAG-95 sp011959285 [SGB41615]
Bacteria	Firmicutes_A	Clostridia	Lachnospirales	Lachnospiraceae	CAG-95	CAG-95 sp009911035	SGB41617	CAG-95 sp009911035 [SGB41617]
Bacteria	Firmicutes_A	Clostridia	Lachnospirales	Lachnospiraceae	CAG-95	CAG-95 sp910587295	SGB41621	CAG-95 sp910587295 [SGB41621]
Bacteria	Firmicutes_A	Clostridia	Lachnospirales	Lachnospiraceae	CAG-95	CAG-95 sp910585005	SGB41622	CAG-95 sp910585005 [SGB41622]
Bacteria	Firmicutes_A	Clostridia	Lachnospirales	Lachnospiraceae	CAG-95	CAG-95 sp910579685	SGB41623	CAG-95 sp910579685 [SGB41623]
Bacteria	Firmicutes_A	Clostridia	Lachnospirales	Lachnospiraceae	CAG-95	CAG-95 sp910586025	SGB41624	CAG-95 sp910586025 [SGB41624]
Bacteria	Firmicutes_A	Clostridia	Lachnospirales	Lachnospiraceae	CAG-95	CAG-95 sp910579425	SGB41625	CAG-95 sp910579425 [SGB41625]
Bacteria	Firmicutes_A	Clostridia	Lachnospirales	Lachnospiraceae	CAG-95	CAG-95 sp009917455	SGB41627	CAG-95 sp009917455 [SGB41627]
Bacteria	Firmicutes_A	Clostridia	Lachnospirales	Lachnospiraceae	UBA2882	UBA2882 sp910574745	SGB41629	UBA2882 sp910574745 [SGB41629]
Bacteria	Firmicutes_A	Clostridia	Lachnospirales	Lachnospiraceae	CAG-510	CAG-510 sp003979355	SGB41631	CAG-510 sp003979355 [SGB41631]
Bacteria	Firmicutes_A	Clostridia	Lachnospirales	Lachnospiraceae	Paralachnospira		SGB41634	Paralachnospira  [SGB41634]
Bacteria	Firmicutes_A	Clostridia	Lachnospirales	Lachnospiraceae	Paralachnospira_A	Paralachnospira_A sp910588405	SGB41635	Paralachnospira_A sp910588405 [SGB41635]
Bacteria	Firmicutes_A	Clostridia	Lachnospirales	Lachnospiraceae	Paralachnospira_A		SGB41637	Paralachnospira_A  [SGB41637]
Bacteria	Firmicutes_A	Clostridia	Lachnospirales	Lachnospiraceae	Clostridium_Q	Clostridium_Q sp009911305	SGB41644	Clostridium_Q sp009911305 [SGB41644]
Bacteria	Firmicutes_A	Clostridia	Lachnospirales	Lachnospiraceae	Clostridium_Q	Clostridium_Q sp910575795	SGB41645	Clostridium_Q sp910575795 [SGB41645]
Bacteria	Firmicutes_A	Clostridia	Lachnospirales	Lachnospiraceae	Copromonas	Copromonas sp009917545	SGB41647	Copromonas sp009917545 [SGB41647]
Bacteria	Firmicutes_A	Clostridia	Lachnospirales	Lachnospiraceae	UMGS1370	UMGS1370 sp910577645	SGB41650	UMGS1370 sp910577645 [SGB41650]
Bacteria	Firmicutes_A	Clostridia	Lachnospirales	Lachnospiraceae	Caccovicinus	Caccovicinus sp910585635	SGB41652	Caccovicinus sp910585635 [SGB41652]
Bacteria	Firmicutes_A	Clostridia	Lachnospirales	Lachnospiraceae	Caccovicinus	Caccovicinus sp910575565	SGB41654	Caccovicinus sp910575565 [SGB41654]
Bacteria	Firmicutes_A	Clostridia	Lachnospirales	Lachnospiraceae	Caccovicinus	Caccovicinus sp009774615	SGB41655	Caccovicinus sp009774615 [SGB41655]
Bacteria	Firmicutes_A	Clostridia	Lachnospirales	Lachnospiraceae	Caccovicinus	Caccovicinus sp910584785	SGB41656	Caccovicinus sp910584785 [SGB41656]
Bacteria	Firmicutes_A	Clostridia	Lachnospirales	Lachnospiraceae	UBA3402	UBA3402 sp910579515	SGB41657	UBA3402 sp910579515 [SGB41657]
Bacteria	Firmicutes_A	Clostridia	Lachnospirales	Lachnospiraceae	UBA3402	UBA3402 sp910585435	SGB41658	UBA3402 sp910585435 [SGB41658]
Bacteria	Firmicutes_A	Clostridia	Lachnospirales	Lachnospiraceae	UBA3402		SGB41662	UBA3402  [SGB41662]
Bacteria	Firmicutes_A	Clostridia	Lachnospirales	Lachnospiraceae	UBA3402	UBA3402 sp910588505	SGB41663	UBA3402 sp910588505 [SGB41663]
Bacteria	Firmicutes_A	Clostridia	Lachnospirales	Lachnospiraceae	UBA3402	UBA3402 sp910575585	SGB41664	UBA3402 sp910575585 [SGB41664]
Bacteria	Firmicutes_A	Clostridia	Lachnospirales	Lachnospiraceae	UBA3402	UBA3402 sp910588865	SGB41665	UBA3402 sp910588865 [SGB41665]
Bacteria	Firmicutes_A	Clostridia	Lachnospirales	Lachnospiraceae	UBA3402	UBA3402 sp910577935	SGB41666	UBA3402 sp910577935 [SGB41666]
Bacteria	Firmicutes_A	Clostridia	Lachnospirales	Lachnospiraceae	UBA3402	UBA3402 sp910574345	SGB41667	UBA3402 sp910574345 [SGB41667]
Bacteria	Firmicutes_A	Clostridia	Lachnospirales	Lachnospiraceae	UBA3402	UBA3402 sp910586845	SGB41668	UBA3402 sp910586845 [SGB41668]
Bacteria	Firmicutes_A	Clostridia	Lachnospirales	Lachnospiraceae	Ventrimonas	Ventrimonas sp910584845	SGB41669	Ventrimonas sp910584845 [SGB41669]
Bacteria	Firmicutes_A	Clostridia	Lachnospirales	Lachnospiraceae	Ventrimonas	Ventrimonas sp910586255	SGB41670	Ventrimonas sp910586255 [SGB41670]
Bacteria	Firmicutes_A	Clostridia	Lachnospirales	Lachnospiraceae	Ventrimonas		SGB41671	Ventrimonas  [SGB41671]
Bacteria	Firmicutes_A	Clostridia	Lachnospirales	Lachnospiraceae	Ventrimonas	Ventrimonas sp910575255	SGB41672	Ventrimonas sp910575255 [SGB41672]
Bacteria	Firmicutes_A	Clostridia	Lachnospirales	Lachnospiraceae	Ventrimonas	Ventrimonas sp009911065	SGB41675	Ventrimonas sp009911065 [SGB41675]
Bacteria	Firmicutes_A	Clostridia	Lachnospirales	Lachnospiraceae	Ventrimonas	Ventrimonas sp910586205	SGB41677	Ventrimonas sp910586205 [SGB41677]
Bacteria	Firmicutes_A	Clostridia	Lachnospirales	Lachnospiraceae	Ventrimonas	Ventrimonas sp910577655	SGB41678	Ventrimonas sp910577655 [SGB41678]
Bacteria	Firmicutes_A	Clostridia	Lachnospirales	Lachnospiraceae	Ventrimonas	Ventrimonas sp910577765	SGB41679	Ventrimonas sp910577765 [SGB41679]
Bacteria	Firmicutes_A	Clostridia	Lachnospirales	Lachnospiraceae	MGBC164599	MGBC164599 sp910575625	SGB41692	MGBC164599 sp910575625 [SGB41692]
Bacteria	Firmicutes_A	Clostridia	Lachnospirales	Lachnospiraceae	UBA11957		SGB41693	UBA11957  [SGB41693]
Bacteria	Firmicutes_A	Clostridia	Lachnospirales	Lachnospiraceae	UBA11957	UBA11957 sp910588295	SGB41694	UBA11957 sp910588295 [SGB41694]
Bacteria	Firmicutes_A	Clostridia	Lachnospirales	Lachnospiraceae	Eubacterium_F	Eubacterium_F sp910574015	SGB41701	Eubacterium_F sp910574015 [SGB41701]
Bacteria	Firmicutes_A	Clostridia	Lachnospirales	Lachnospiraceae	Eubacterium_F	Eubacterium_F sp910584245	SGB41704	Eubacterium_F sp910584245 [SGB41704]
Bacteria	Firmicutes_A	Clostridia	Lachnospirales	Lachnospiraceae	Eubacterium_F	Eubacterium_F sp910589665	SGB41705	Eubacterium_F sp910589665 [SGB41705]
Bacteria	Firmicutes_A	Clostridia	Lachnospirales	Lachnospiraceae	RGIG4057	RGIG4057 sp910587085	SGB41708	RGIG4057 sp910587085 [SGB41708]
Bacteria	Firmicutes_A	Clostridia	Lachnospirales	Lachnospiraceae	RGIG4057	RGIG4057 sp910577675	SGB41712	RGIG4057 sp910577675 [SGB41712]
Bacteria	Firmicutes_A	Clostridia	Lachnospirales	Lachnospiraceae	RGIG4057		SGB41713	RGIG4057  [SGB41713]
Bacteria	Firmicutes_A	Clostridia	Lachnospirales	Lachnospiraceae	MGBC114844	MGBC114844 sp910579865	SGB41714	MGBC114844 sp910579865 [SGB41714]
Bacteria	Firmicutes_A	Clostridia	Lachnospirales	Lachnospiraceae	RGIG8607	RGIG8607 sp910588535	SGB41717	RGIG8607 sp910588535 [SGB41717]
Bacteria	Firmicutes_A	Clostridia	Lachnospirales	Lachnospiraceae	RGIG8607	RGIG8607 sp910577045	SGB41718	RGIG8607 sp910577045 [SGB41718]
Bacteria	Firmicutes_A	Clostridia	Lachnospirales	Lachnospiraceae	Lachnospira	Lachnospira sp910589305	SGB41719	Lachnospira sp910589305 [SGB41719]
Bacteria	Firmicutes_A	Clostridia	Lachnospirales	Lachnospiraceae	CAG-303	CAG-303 sp910577835	SGB41721	CAG-303 sp910577835 [SGB41721]
Bacteria	Firmicutes_A	Clostridia	Lachnospirales	Lachnospiraceae	Butyribacter	Butyribacter sp009774235	SGB41723	Butyribacter sp009774235 [SGB41723]
Bacteria	Firmicutes_A	Clostridia	Lachnospirales	Lachnospiraceae	Butyribacter	Butyribacter sp910579085	SGB41724	Butyribacter sp910579085 [SGB41724]
Bacteria	Firmicutes_A	Clostridia	Lachnospirales	Lachnospiraceae	Butyribacter	Butyribacter sp910588655	SGB41725	Butyribacter sp910588655 [SGB41725]
Bacteria	Firmicutes_A	Clostridia	Lachnospirales	Lachnospiraceae	Butyribacter	Butyribacter sp910586605	SGB41729	Butyribacter sp910586605 [SGB41729]
Bacteria	Firmicutes_A	Clostridia	Lachnospirales	Lachnospiraceae	Butyribacter	Butyribacter sp910585905	SGB41731	Butyribacter sp910585905 [SGB41731]
Bacteria	Firmicutes_B	Dehalobacteriia	UBA4068	UBA5755	Avidehalobacter		SGB42316	Avidehalobacter  [SGB42316]
Bacteria	Firmicutes_B	Dehalobacteriia	UBA4068	UBA5755	Avidehalobacter		SGB42317	Avidehalobacter  [SGB42317]
Bacteria	Firmicutes_A	Clostridia	Oscillospirales	Ruminococcaceae	Ruminiclostridium_E	Ruminiclostridium_E sp910585505	SGB42338	Ruminiclostridium_E sp910585505 [SGB42338]
Bacteria	Firmicutes_A	Clostridia	Oscillospirales	Ruminococcaceae	CAG-115	CAG-115 sp910577365	SGB42342	CAG-115 sp910577365 [SGB42342]
Bacteria	Firmicutes_A	Clostridia	UBA1381	UBA1381	CAG-41	CAG-41 sp010206265	SGB42354	CAG-41 sp010206265 [SGB42354]
Bacteria	Firmicutes_A	Clostridia	Oscillospirales	Ruminococcaceae	RGIG8773	RGIG8773 sp910586535	SGB42426	RGIG8773 sp910586535 [SGB42426]
Bacteria	Firmicutes_A	Clostridia	Oscillospirales	Acutalibacteraceae	Eubacterium_R	Eubacterium_R sp011958665	SGB42493	Eubacterium_R sp011958665 [SGB42493]
Bacteria	Firmicutes_A	Clostridia	Oscillospirales	Acutalibacteraceae	Eubacterium_R	Eubacterium_R sp009774735	SGB42494	Eubacterium_R sp009774735 [SGB42494]
Bacteria	Actinobacteriota	Coriobacteriia	Coriobacteriales	Eggerthellaceae	MGBC163016	MGBC163016 sp910588205	SGB42945	MGBC163016 sp910588205 [SGB42945]
Bacteria	Actinobacteriota	Coriobacteriia	Coriobacteriales	Eggerthellaceae	MGBC163016	MGBC163016 sp910589135	SGB42949	MGBC163016 sp910589135 [SGB42949]
Bacteria	Actinobacteriota	Coriobacteriia	Coriobacteriales	Eggerthellaceae	QWKK01	QWKK01 sp009911695	SGB42958	QWKK01 sp009911695 [SGB42958]
Bacteria	Firmicutes_A	Clostridia	Oscillospirales	Ruminococcaceae	UBA3818	UBA3818 sp910578255	SGB43002	UBA3818 sp910578255 [SGB43002]
Bacteria	Firmicutes_A	Clostridia	Oscillospirales	Ruminococcaceae	Anaerotruncus	Anaerotruncus sp000403395	SGB43003	Anaerotruncus sp000403395 [SGB43003]
Bacteria	Firmicutes_A	Clostridia	Oscillospirales	Ruminococcaceae	Negativibacillus	Negativibacillus sp910578755	SGB43006	Negativibacillus sp910578755 [SGB43006]
Bacteria	Firmicutes_A	Clostridia	Oscillospirales	Ruminococcaceae	UBA1405		SGB43066	UBA1405  [SGB43066]
Bacteria	Firmicutes_A	Clostridia	Oscillospirales	Butyricicoccaceae	Butyricicoccus	Butyricicoccus sp910584935	SGB43067	Butyricicoccus sp910584935 [SGB43067]
Bacteria	Firmicutes_A	Clostridia	Oscillospirales	Butyricicoccaceae	QXXE01	QXXE01 sp910589115	SGB43072	QXXE01 sp910589115 [SGB43072]
Bacteria	Firmicutes_A	Clostridia	Oscillospirales	Butyricicoccaceae	QXXE01	QXXE01 sp910586575	SGB43074	QXXE01 sp910586575 [SGB43074]
Bacteria	Firmicutes_A	Clostridia	Oscillospirales	Butyricicoccaceae	QXXE01	QXXE01 sp009911355	SGB43075	QXXE01 sp009911355 [SGB43075]
Bacteria	Firmicutes_A	Clostridia	Oscillospirales	Butyricicoccaceae	Pseudobutyricicoccus	Pseudobutyricicoccus sp910579575	SGB43248	Pseudobutyricicoccus sp910579575 [SGB43248]
Bacteria	Firmicutes_A	Clostridia	Oscillospirales	Acutalibacteraceae	Acutalibacter	Acutalibacter sp910589395	SGB43252	Acutalibacter sp910589395 [SGB43252]
Bacteria	Firmicutes_A	Clostridia	Oscillospirales	Acutalibacteraceae	Acutalibacter	Acutalibacter sp009917525	SGB43253	Acutalibacter sp009917525 [SGB43253]
Bacteria	Firmicutes_A	Clostridia	Oscillospirales	Acutalibacteraceae	Acutalibacter	Acutalibacter sp009936035	SGB43257	Acutalibacter sp009936035 [SGB43257]
Bacteria	Firmicutes_A	Clostridia	Oscillospirales	Acutalibacteraceae	Acutalibacter	Acutalibacter sp910587995	SGB43259	Acutalibacter sp910587995 [SGB43259]
Bacteria	Firmicutes_A	Clostridia	Oscillospirales	Acutalibacteraceae	Acutalibacter	Acutalibacter sp910587835	SGB43260	Acutalibacter sp910587835 [SGB43260]
Bacteria	Firmicutes_A	Clostridia	Oscillospirales	Acutalibacteraceae	Acutalibacter	Acutalibacter sp910580045	SGB43261	Acutalibacter sp910580045 [SGB43261]
Bacteria	Firmicutes_A	Clostridia	Oscillospirales	Ruminococcaceae	Angelakisella		SGB43265	Angelakisella  [SGB43265]
Bacteria	Firmicutes_A	Clostridia	Oscillospirales	Ruminococcaceae	Angelakisella	Angelakisella sp013316495	SGB43266	Angelakisella sp013316495 [SGB43266]
Bacteria	Firmicutes_A	Clostridia	Oscillospirales	Ruminococcaceae	Angelakisella	Angelakisella sp910585525	SGB43267	Angelakisella sp910585525 [SGB43267]
Bacteria	Firmicutes_A	Clostridia	Oscillospirales	Ruminococcaceae	Angelakisella	Angelakisella sp910585535	SGB43268	Angelakisella sp910585535 [SGB43268]
Bacteria	Firmicutes_A	Clostridia	Oscillospirales	Oscillospiraceae	Dysosmobacter	Dysosmobacter sp910577405	SGB43438	Dysosmobacter sp910577405 [SGB43438]
Bacteria	Firmicutes_A	Clostridia	Oscillospirales	Oscillospiraceae			SGB43452	 [SGB43452]
Bacteria	Firmicutes_A	Clostridia	Oscillospirales	Oscillospiraceae	Dysosmobacter	Dysosmobacter sp910589315	SGB43453	Dysosmobacter sp910589315 [SGB43453]
Bacteria	Firmicutes_A	Clostridia	Oscillospirales	Oscillospiraceae	Dysosmobacter	Dysosmobacter sp910584995	SGB43493	Dysosmobacter sp910584995 [SGB43493]
Bacteria	Firmicutes_A	Clostridia	Oscillospirales	Oscillospiraceae	Dysosmobacter	Dysosmobacter sp910588005	SGB43494	Dysosmobacter sp910588005 [SGB43494]
Bacteria	Firmicutes_A	Clostridia	Oscillospirales	Oscillospiraceae	Dysosmobacter	Dysosmobacter sp910585385	SGB43496	Dysosmobacter sp910585385 [SGB43496]
Bacteria	Firmicutes_A	Clostridia	Oscillospirales	Oscillospiraceae	Dysosmobacter	Dysosmobacter sp910583785	SGB43502	Dysosmobacter sp910583785 [SGB43502]
Bacteria	Firmicutes_A	Clostridia	Oscillospirales	Oscillospiraceae	Dysosmobacter	Dysosmobacter sp009774015	SGB43504	Dysosmobacter sp009774015 [SGB43504]
Bacteria	Firmicutes_A	Clostridia	Oscillospirales	Oscillospiraceae	Dysosmobacter	Dysosmobacter sp910583695	SGB43505	Dysosmobacter sp910583695 [SGB43505]
Bacteria	Firmicutes_A	Clostridia	Oscillospirales	Oscillospiraceae	Pelethomonas	Pelethomonas sp910587645	SGB43506	Pelethomonas sp910587645 [SGB43506]
Bacteria	Firmicutes_A	Clostridia	Oscillospirales	Oscillospiraceae	Pelethomonas	Pelethomonas sp910578505	SGB43507	Pelethomonas sp910578505 [SGB43507]
Bacteria	Firmicutes_A	Clostridia	Oscillospirales	Oscillospiraceae	Pelethomonas		SGB43508	Pelethomonas  [SGB43508]
Bacteria	Firmicutes_A	Clostridia	Oscillospirales	Oscillospiraceae	Pelethomonas	Pelethomonas sp009774055	SGB43513	Pelethomonas sp009774055 [SGB43513]
Bacteria	Firmicutes_A	Clostridia	Oscillospirales	Oscillospiraceae	Pelethomonas	Pelethomonas sp014237695	SGB43514	Pelethomonas sp014237695 [SGB43514]
Bacteria	Firmicutes_A	Clostridia	Oscillospirales	Oscillospiraceae	Pelethomonas	Pelethomonas sp910579485	SGB43516	Pelethomonas sp910579485 [SGB43516]
Bacteria	Firmicutes_A	Clostridia	Oscillospirales	Oscillospiraceae	Pelethomonas	Pelethomonas sp910587785	SGB43519	Pelethomonas sp910587785 [SGB43519]
Bacteria	Firmicutes_A	Clostridia	Oscillospirales	Oscillospiraceae	Pelethomonas		SGB43520	Pelethomonas  [SGB43520]
Bacteria	Firmicutes_A	Clostridia	Oscillospirales	Oscillospiraceae	Pelethomonas	Pelethomonas sp910577915	SGB43521	Pelethomonas sp910577915 [SGB43521]
Bacteria	Firmicutes_A	Clostridia	Oscillospirales	Oscillospiraceae	Pelethomonas	Pelethomonas sp910579965	SGB43523	Pelethomonas sp910579965 [SGB43523]
Bacteria	Firmicutes_A	Clostridia	Oscillospirales	Oscillospiraceae	Enterenecus	Enterenecus sp910579595	SGB43526	Enterenecus sp910579595 [SGB43526]
Bacteria	Firmicutes_A	Clostridia	Oscillospirales	Oscillospiraceae	Enterenecus	Enterenecus sp910587285	SGB43527	Enterenecus sp910587285 [SGB43527]
Bacteria	Firmicutes_A	Clostridia	Oscillospirales	Oscillospiraceae	Enterenecus		SGB43529	Enterenecus  [SGB43529]
Bacteria	Firmicutes_A	Clostridia	Oscillospirales	Oscillospiraceae	Enterenecus	Enterenecus sp910587255	SGB43530	Enterenecus sp910587255 [SGB43530]
Bacteria	Firmicutes_A	Clostridia	Oscillospirales	Oscillospiraceae	Enterenecus	Enterenecus sp910575695	SGB43532	Enterenecus sp910575695 [SGB43532]
Bacteria	Firmicutes_A	Clostridia	Oscillospirales	Oscillospiraceae	Enterenecus	Enterenecus sp910585265	SGB43533	Enterenecus sp910585265 [SGB43533]
Bacteria	Firmicutes_A	Clostridia	Oscillospirales	Oscillospiraceae	Lawsonibacter	Lawsonibacter sp910577805	SGB43537	Lawsonibacter sp910577805 [SGB43537]
Bacteria	Firmicutes_A	Clostridia	Oscillospirales	Oscillospiraceae	Lawsonibacter	Lawsonibacter sp009917615	SGB43538	Lawsonibacter sp009917615 [SGB43538]
Bacteria	Firmicutes_A	Clostridia	Oscillospirales	Oscillospiraceae	Lawsonibacter	Lawsonibacter sp003612335	SGB43539	Lawsonibacter sp003612335 [SGB43539]
Bacteria	Firmicutes_A	Clostridia	Oscillospirales	Oscillospiraceae	Lawsonibacter		SGB43541	Lawsonibacter  [SGB43541]
Bacteria	Firmicutes_A	Clostridia	Oscillospirales	Oscillospiraceae	Lawsonibacter		SGB43542	Lawsonibacter  [SGB43542]
Bacteria	Firmicutes_A	Clostridia	Oscillospirales	Oscillospiraceae	Lawsonibacter		SGB43544	Lawsonibacter  [SGB43544]
Bacteria	Firmicutes_A	Clostridia	Oscillospirales	Oscillospiraceae	Lawsonibacter	Lawsonibacter sp910585815	SGB43546	Lawsonibacter sp910585815 [SGB43546]
Bacteria	Firmicutes_A	Clostridia	Oscillospirales	Oscillospiraceae	Lawsonibacter		SGB43552	Lawsonibacter  [SGB43552]
Bacteria	Firmicutes_A	Clostridia	Oscillospirales	Oscillospiraceae	Marseille-P3106	Marseille-P3106 sp910577415	SGB43555	Marseille-P3106 sp910577415 [SGB43555]
Bacteria	Firmicutes_A	Clostridia	Oscillospirales	Oscillospiraceae	Marseille-P3106	Marseille-P3106 sp910587345	SGB43557	Marseille-P3106 sp910587345 [SGB43557]
Bacteria	Firmicutes_A	Clostridia	Oscillospirales	Oscillospiraceae	Evtepia	Evtepia sp910578575	SGB43559	Evtepia sp910578575 [SGB43559]
Bacteria	Proteobacteria	Alphaproteobacteria	Rs-D84	Rs-D84	Enterousia		SGB43756	Enterousia  [SGB43756]
Bacteria	Actinobacteriota	Coriobacteriia	Coriobacteriales	Eggerthellaceae	MGBC163016	MGBC163016 sp910588945	SGB44083	MGBC163016 sp910588945 [SGB44083]
Bacteria	Cyanobacteria	Vampirovibrionia	Gastranaerophilales	RUG14156	MGBC122484	MGBC122484 sp910586855	SGB44380	MGBC122484 sp910586855 [SGB44380]
Bacteria	Firmicutes	Bacilli	Erysipelotrichales	Erysipelotrichaceae	C-19	C-19 sp910576855	SGB44461	C-19 sp910576855 [SGB44461]
Bacteria	Firmicutes	Bacilli	Erysipelotrichales	Erysipelotrichaceae	C-19	C-19 sp910586285	SGB44462	C-19 sp910586285 [SGB44462]
Bacteria	Firmicutes	Bacilli	Erysipelotrichales	Erysipelotrichaceae	C-19	C-19 sp910576345	SGB44463	C-19 sp910576345 [SGB44463]
Bacteria	Firmicutes	Bacilli	Erysipelotrichales	Erysipelotrichaceae	CAJTFG01	CAJTFG01 sp910575705	SGB44464	CAJTFG01 sp910575705 [SGB44464]
Bacteria	Firmicutes	Bacilli	Erysipelotrichales	Coprobacillaceae	Fimiplasma	Fimiplasma sp910588165	SGB44472	Fimiplasma sp910588165 [SGB44472]
Bacteria	Firmicutes	Bacilli	Erysipelotrichales	Coprobacillaceae	MGBC163490	MGBC163490 sp910588075	SGB44478	MGBC163490 sp910588075 [SGB44478]
Bacteria	Firmicutes_A	Clostridia	Christensenellales	UBA1242	Caccovivens		SGB44562	Caccovivens  [SGB44562]
Bacteria	Firmicutes	Bacilli	RF39	UBA660	CAG-582	CAG-582 sp910588195	SGB44768	CAG-582 sp910588195 [SGB44768]
Bacteria	Firmicutes	Bacilli	RF39	UBA660	Caccenecus	Caccenecus sp910585045	SGB44769	Caccenecus sp910585045 [SGB44769]
Bacteria	Firmicutes_A	Clostridia	TANB77	CAG-508			SGB45057	 [SGB45057]
Bacteria	Firmicutes_A	Clostridia	TANB77	CAG-508	CAG-273	CAG-273 sp910589185	SGB45163	CAG-273 sp910589185 [SGB45163]
Bacteria	Firmicutes_A	Clostridia	TANB77	CAG-508	UMGS1994		SGB45198	UMGS1994  [SGB45198]
Bacteria	Firmicutes_A	Clostridia	TANB77	CAG-508	UMGS1994		SGB45199	UMGS1994  [SGB45199]
Bacteria	Firmicutes_A	Clostridia	TANB77	CAG-508	Scatovivens		SGB45217	Scatovivens  [SGB45217]
Bacteria	Firmicutes_A	Clostridia	Lachnospirales	Anaerotignaceae	Coprocola	Coprocola sp910587195	SGB45228	Coprocola sp910587195 [SGB45228]
Bacteria	Firmicutes_A	Clostridia	Lachnospirales	Anaerotignaceae	Coprocola	Coprocola sp910587735	SGB45230	Coprocola sp910587735 [SGB45230]
Bacteria	Firmicutes_A	Clostridia	Lachnospirales	Anaerotignaceae	Coprocola	Coprocola sp910575055	SGB45231	Coprocola sp910575055 [SGB45231]
Bacteria	Firmicutes_A	Clostridia	Lachnospirales	CAG-274	MGBC114079	MGBC114079 sp910579745	SGB45233	MGBC114079 sp910579745 [SGB45233]
Bacteria	Bacteroidota	Bacteroidia	Bacteroidales	Rikenellaceae	Alistipes_A	Alistipes_A sp910583985	SGB48104	Alistipes_A sp910583985 [SGB48104]
Bacteria	Firmicutes_A	Clostridia	Lachnospirales	Lachnospiraceae	CAG-95	CAG-95 sp000403495	SGB4974	CAG-95 sp000403495 [SGB4974]
Bacteria	Firmicutes_A	Clostridia	Lachnospirales	Lachnospiraceae	COE1	COE1 sp000403335	SGB5155	COE1 sp000403335 [SGB5155]
Bacteria	Firmicutes_A	Clostridia	Lachnospirales	Lachnospiraceae	COE1	COE1 sp000403215	SGB5158	COE1 sp000403215 [SGB5158]
Bacteria	Firmicutes_A	Clostridia	Christensenellales	CAG-552	MGBC157735	MGBC157735 sp910587445	SGB59494	MGBC157735 sp910587445 [SGB59494]
Bacteria	Firmicutes_A	Clostridia	Christensenellales	Borkfalkiaceae	Coproplasma	Coproplasma sp910588685	SGB59498	Coproplasma sp910588685 [SGB59498]
Bacteria	Firmicutes_A	Clostridia	Christensenellales	Borkfalkiaceae	Gallimonas	Gallimonas sp910588465	SGB59511	Gallimonas sp910588465 [SGB59511]
Bacteria	Firmicutes_A	Clostridia	Christensenellales	Borkfalkiaceae	Gallimonas	Gallimonas sp910586675	SGB59512	Gallimonas sp910586675 [SGB59512]
Bacteria	Firmicutes_A	Clostridia	Oscillospirales	Ruminococcaceae	Ruminococcus	Ruminococcus sp910576995	SGB59638	Ruminococcus sp910576995 [SGB59638]
Bacteria	Firmicutes_A	Clostridia	Lachnospirales	Lachnospiraceae	Eubacterium_J		SGB59770	Eubacterium_J  [SGB59770]
Bacteria	Firmicutes_A	Clostridia	Lachnospirales	Lachnospiraceae	Roseburia	Roseburia sp910584215	SGB59774	Roseburia sp910584215 [SGB59774]
Bacteria	Firmicutes_A	Clostridia	Lachnospirales	Lachnospiraceae	14-2	14-2 sp910580195	SGB59780	14-2 sp910580195 [SGB59780]
Bacteria	Firmicutes_A	Clostridia	Lachnospirales	Lachnospiraceae	14-2	14-2 sp910580015	SGB59781	14-2 sp910580015 [SGB59781]
Bacteria	Firmicutes_A	Clostridia	Lachnospirales	Lachnospiraceae	UBA3402		SGB59797	UBA3402  [SGB59797]
Bacteria	Firmicutes_A	Clostridia	Lachnospirales	Lachnospiraceae	Schaedlerella	Schaedlerella sp910574195	SGB59798	Schaedlerella sp910574195 [SGB59798]
Bacteria	Firmicutes_A	Clostridia	Lachnospirales	Lachnospiraceae	UBA3282	UBA3282 sp910587095	SGB59804	UBA3282 sp910587095 [SGB59804]
Bacteria	Firmicutes_A	Clostridia	Lachnospirales	Lachnospiraceae	RGIG7193	RGIG7193 sp910586125	SGB59815	RGIG7193 sp910586125 [SGB59815]
Bacteria	Firmicutes_A	Clostridia	Lachnospirales	Lachnospiraceae	UBA7109	UBA7109 sp910575605	SGB59842	UBA7109 sp910575605 [SGB59842]
Bacteria	Firmicutes_A	Clostridia	Lachnospirales	Lachnospiraceae	Sporofaciens		SGB59844	Sporofaciens  [SGB59844]
Bacteria	Firmicutes_A	Clostridia	Lachnospirales	Lachnospiraceae	MD308	MD308 sp910586965	SGB59846	MD308 sp910586965 [SGB59846]
Bacteria	Firmicutes_A	Clostridia	Oscillospirales	CAG-272	Avispirillum	Avispirillum sp011957885	SGB59899	Avispirillum sp011957885 [SGB59899]
Bacteria	Firmicutes_A	Clostridia	Oscillospirales	UBA644			SGB59900	 [SGB59900]
Bacteria	Actinobacteriota	Coriobacteriia	Coriobacteriales	Eggerthellaceae	D16-63	D16-63 sp910588095	SGB63107	D16-63 sp910588095 [SGB63107]
Bacteria	Firmicutes_A	Clostridia	Oscillospirales	Oscillospiraceae	Evtepia	Evtepia sp910584805	SGB63182	Evtepia sp910584805 [SGB63182]
Bacteria	Firmicutes_A	Clostridia	Oscillospirales	Oscillospiraceae	NSJ-51	NSJ-51 sp910585415	SGB63186	NSJ-51 sp910585415 [SGB63186]
Bacteria	Firmicutes_A	Clostridia	Oscillospirales	Oscillospiraceae	Enterenecus	Enterenecus sp910588495	SGB63209	Enterenecus sp910588495 [SGB63209]
Bacteria	Firmicutes_A	Clostridia	Oscillospirales	Oscillospiraceae	Lawsonibacter	Lawsonibacter sp910584605	SGB63211	Lawsonibacter sp910584605 [SGB63211]
Bacteria	Firmicutes_A	Clostridia	Oscillospirales	Oscillospiraceae	CAJFPI01		SGB63216	CAJFPI01  [SGB63216]
Bacteria	Firmicutes_A	Clostridia	Oscillospirales	Oscillospiraceae	Pelethomonas	Pelethomonas sp910588365	SGB63218	Pelethomonas sp910588365 [SGB63218]
Bacteria	Firmicutes_A	Clostridia	Oscillospirales	Oscillospiraceae	Dysosmobacter	Dysosmobacter sp910587705	SGB63230	Dysosmobacter sp910587705 [SGB63230]
Bacteria	Firmicutes_A	Clostridia	Oscillospirales	Oscillospiraceae	Faecousia	Faecousia sp910589155	SGB63259	Faecousia sp910589155 [SGB63259]
Bacteria	Firmicutes_A	Clostridia	Oscillospirales	Ruminococcaceae	Angelakisella		SGB63337	Angelakisella  [SGB63337]
Bacteria	Firmicutes_A	Clostridia	Oscillospirales	Acutalibacteraceae	Acutalibacter	Acutalibacter sp910574935	SGB63364	Acutalibacter sp910574935 [SGB63364]
Bacteria	Firmicutes_A	Clostridia	Christensenellales	Christensenellaceae	QANA01	QANA01 sp910588425	SGB63370	QANA01 sp910588425 [SGB63370]
Bacteria	Bacteroidota	Bacteroidia	Bacteroidales	Muribaculaceae	UBA7173	UBA7173 sp910579105	SGB63920	UBA7173 sp910579105 [SGB63920]
Bacteria	Firmicutes_A	Clostridia	TANB77	CAG-508			SGB65042	 [SGB65042]
Bacteria	Firmicutes	Bacilli	RF39	UBA660	Caccenecus		SGB65053	Caccenecus  [SGB65053]
Bacteria	Firmicutes	Bacilli	RF39	UBA660	Caccenecus	Caccenecus sp910587745	SGB65054	Caccenecus sp910587745 [SGB65054]
Bacteria	Firmicutes	Bacilli	RF39	UBA660	UBA5578	UBA5578 sp910589375	SGB65068	UBA5578 sp910589375 [SGB65068]
Bacteria	Firmicutes	Bacilli	RF39	UBA660	MGBC119817	MGBC119817 sp910586195	SGB65073	MGBC119817 sp910586195 [SGB65073]
Bacteria	Firmicutes_A	Clostridia	TANB77	CAG-508	Scatovivens		SGB65084	Scatovivens  [SGB65084]
Bacteria	Firmicutes_A	Clostridia	Christensenellales	UBA1242			SGB65300	 [SGB65300]
Bacteria	Patescibacteria	Saccharimonadia	Saccharimonadales	Nanosyncoccaceae	Nanosyncoccus		SGB65425	Nanosyncoccus  [SGB65425]
Bacteria	Firmicutes	Bacilli	Lactobacillales	Lactobacillaceae	Lactobacillus	Lactobacillus johnsonii	SGB7041	Lactobacillus johnsonii [SGB7041]
Bacteria	Firmicutes	Bacilli	Lactobacillales	Lactobacillaceae	Lactobacillus	Lactobacillus intestinalis	SGB7055	Lactobacillus intestinalis [SGB7055]
Bacteria	Firmicutes	Bacilli	Lactobacillales	Lactobacillaceae	Ligilactobacillus	Ligilactobacillus murinus	SGB7077	Ligilactobacillus murinus [SGB7077]
Bacteria	Firmicutes	Bacilli	Lactobacillales	Lactobacillaceae	Limosilactobacillus	Limosilactobacillus reuteri	SGB7095	Limosilactobacillus reuteri [SGB7095]
Bacteria	Firmicutes_A	Clostridia	Lachnospirales	Lachnospiraceae	CAG-56	CAG-56 sp004793585	SGB7268	CAG-56 sp004793585 [SGB7268]
Bacteria	Firmicutes_A	Clostridia	Oscillospirales	Acutalibacteraceae	Acutalibacter	Acutalibacter muris	SGB7269	Acutalibacter muris [SGB7269]
Bacteria	Firmicutes_A	Clostridia	Lachnospirales	Lachnospiraceae	Schaedlerella	Schaedlerella arabinosiphila	SGB7270	Schaedlerella arabinosiphila [SGB7270]
Bacteria	Firmicutes_A	Clostridia	Lachnospirales	Lachnospiraceae	Schaedlerella	Schaedlerella sp000403295	SGB7271	Schaedlerella sp000403295 [SGB7271]
Bacteria	Firmicutes_A	Clostridia	Lachnospirales	Lachnospiraceae	Kineothrix	Kineothrix sp000403275	SGB7272	Kineothrix sp000403275 [SGB7272]
Bacteria	Firmicutes_A	Clostridia	Lachnospirales	Lachnospiraceae	Acetatifactor	Acetatifactor muris	SGB7273	Acetatifactor muris [SGB7273]
Bacteria	Firmicutes_A	Clostridia	Lachnospirales	Lachnospiraceae	Sporofaciens	Sporofaciens sp000403455	SGB7275	Sporofaciens sp000403455 [SGB7275]
Bacteria	Firmicutes_A	Clostridia	Lachnospirales	Lachnospiraceae	14-2	14-2 sp000403255	SGB7276	14-2 sp000403255 [SGB7276]
Bacteria	Firmicutes_A	Clostridia	Lachnospirales	Lachnospiraceae	14-2	14-2 sp000403315	SGB7277	14-2 sp000403315 [SGB7277]
Bacteria	Firmicutes_A	Clostridia	Lachnospirales	Lachnospiraceae	MD308	MD308 sp000403475	SGB7279	MD308 sp000403475 [SGB7279]
Bacteria	Firmicutes	Bacilli	Erysipelotrichales	Erysipelotrichaceae	C-19	C-19 sp009917405	SGB77368	C-19 sp009917405 [SGB77368]
Bacteria	Firmicutes	Bacilli	Staphylococcales	Staphylococcaceae	Staphylococcus	Staphylococcus nepalensis	SGB7839	Staphylococcus nepalensis [SGB7839]
Bacteria	Firmicutes	Bacilli	Lactobacillales	Streptococcaceae	Streptococcus	Streptococcus thermophilus	SGB8002	Streptococcus thermophilus [SGB8002]
Bacteria	Firmicutes	Bacilli	Lactobacillales	Streptococcaceae	Streptococcus	Streptococcus azizii	SGB8210	Streptococcus azizii [SGB8210]
Bacteria	Firmicutes_A	Clostridia	Lachnospirales	Lachnospiraceae	14-2	14-2 sp009911185	SGB82505	14-2 sp009911185 [SGB82505]
Bacteria	Firmicutes_A	Clostridia	Peptostreptococcales	Anaerovoracaceae	BX12	BX12 sp009911365	SGB82506	BX12 sp009911365 [SGB82506]
Bacteria	Firmicutes_A	Clostridia	Oscillospirales	Ruminococcaceae	Anaerotruncus	Anaerotruncus colihominis_A	SGB82507	Anaerotruncus colihominis_A [SGB82507]
Bacteria	Firmicutes_A	Clostridia	Lachnospirales	Lachnospiraceae	Merdisoma	Merdisoma sp009917555	SGB82510	Merdisoma sp009917555 [SGB82510]
Bacteria	Firmicutes	Bacilli	Lactobacillales	Streptococcaceae	Streptococcus	Streptococcus danieliae	SGB82603	Streptococcus danieliae [SGB82603]
Bacteria	Firmicutes_A	Clostridia	Clostridiales	Clostridiaceae	Dwaynesavagella	Dwaynesavagella sp000270205	SGB8526	Dwaynesavagella sp000270205 [SGB8526]
Bacteria	Actinobacteriota	Coriobacteriia	Coriobacteriales	Eggerthellaceae	D16-34	D16-34 sp009911635	SGB86230	D16-34 sp009911635 [SGB86230]
Bacteria	Verrucomicrobiota	Verrucomicrobiae	Verrucomicrobiales	Akkermansiaceae	Akkermansia	Akkermansia muciniphila	SGB9226	Akkermansia muciniphila [SGB9226]
Bacteria	Proteobacteria	Gammaproteobacteria	Burkholderiales	Burkholderiaceae	Turicimonas	Turicimonas muris	SGB9258	Turicimonas muris [SGB9258]
Bacteria	Proteobacteria	Gammaproteobacteria	Burkholderiales	Burkholderiaceae	Parasutterella	Parasutterella sp009767915	SGB9265	Parasutterella sp009767915 [SGB9265]
Bacteria	Firmicutes	Bacilli	RF39	UBA660	Aphodocola	Aphodocola sp910580135	SGB94803	Aphodocola sp910580135 [SGB94803]
Bacteria	Firmicutes	Bacilli	RF39	UBA660	UBA2730	UBA2730 sp910576925	SGB94809	UBA2730 sp910576925 [SGB94809]
Bacteria	Firmicutes	Bacilli	RF39	UBA660	MGBC102946	MGBC102946 sp910576985	SGB94816	MGBC102946 sp910576985 [SGB94816]
Bacteria	Firmicutes	Bacilli	RF39	UBA660	MGBC108787	MGBC108787 sp910583945	SGB94819	MGBC108787 sp910583945 [SGB94819]
Bacteria	Firmicutes_A	Clostridia	Lachnospirales	Lachnospiraceae	UBA7109	UBA7109 sp910576335	SGB94868	UBA7109 sp910576335 [SGB94868]
Bacteria	Firmicutes_A	Clostridia	Lachnospirales	Lachnospiraceae	Lachnoclostridium_B	Lachnoclostridium_B sp910574185	SGB94870	Lachnoclostridium_B sp910574185 [SGB94870]
Bacteria	Firmicutes_A	Clostridia	Lachnospirales	Lachnospiraceae	Acetatifactor	Acetatifactor sp910588225	SGB94872	Acetatifactor sp910588225 [SGB94872]
Bacteria	Firmicutes_A	Clostridia	Lachnospirales	Lachnospiraceae	Ventrimonas		SGB94886	Ventrimonas  [SGB94886]
Bacteria	Firmicutes_A	Clostridia	Oscillospirales	Oscillospiraceae	Dysosmobacter	Dysosmobacter sp910585245	SGB94989	Dysosmobacter sp910585245 [SGB94989]
